{"cameraMode":{"drawMode":0,"name":"Shaded","section":"Shading Mode"},"sceneLighting":true,"audioPlay":false,"sceneViewState":{"showFog":true,"showMaterialUpdate":false,"showSkybox":true,"showFlares":true,"showImageEffects":true,"showParticleSystems":true},"in2DMode":false,"pivot":{"x":213.97195434570313,"y":8.281536102294922,"z":306.75},"rotation":{"x":-0.21092022955417634,"y":0.18089687824249268,"z":-0.03975344076752663,"w":-0.9598307609558106},"size":53.48485565185547,"orthographic":false}